,0,1,2,3,4,5
0,0.0,0.0,0.0,0.0,0.0,0.0
1,-0.8887111827023952,-0.8729304532240111,-0.883305504884771,-0.8697049764731485,-0.8377540134943191,-4.7526333662261795
2,-0.8296159009609889,-0.755006340994244,-0.814318419461731,-0.7532773455672007,-0.5568099431818192,-3.0646693039794553
3,-0.896025798907712,-0.8893695187230477,-0.8999251139236644,-0.891739356977341,-0.8769893060724439,-5.252816371018411
4,-0.9084985442265313,-0.9085662834153655,-0.9084985442259894,-0.908501824404066,-3.919863290581326,-3.0761750187625663
5,0.0,0.0,0.0,0.0,0.0,0.0
6,-0.9089709552028392,-0.9089742633375292,-0.9089709552028834,-0.908974245217315,-3.09198356221202,-3.1049903838272614
7,-0.90777454270965,-0.9078732748226725,-0.9077745427077785,-0.9078373965076008,-4.078438891709145,-3.0355255600740003
8,-0.8946451877326003,-0.8968999587919961,-0.8982972125862481,-0.8968999587919961,-3.5026057005720714,-4.13077623263053
9,-0.9084985442294599,-0.908501079868553,-0.9085891687178911,-0.9085253269935626,-3.51521165671653,-2.471314276
10,0.0,0.0,0.0,0.0,0.0,0.0
11,-0.9077745427321333,-0.908092138257556,-0.9078371210493572,-0.9080147191969974,-3.0869830829326412,-3.086543559376538
12,-0.9089709552036681,-0.90899522220008,-0.9089709552041484,-0.9089861398988908,-3.480950260534355,-3.84110650857581
13,-0.9084985442230044,-0.9085441720646938,-0.9084985442226926,-0.9085719769256831,-4.8000465590949695,-4.356421387535044
14,-0.9089709551869865,-0.9089814805639503,-0.9089709551841973,-0.9089741951022304,-4.135571877160047,-3.0974840859572597
15,0.0,0.0,0.0,0.0,0.0,0.0
16,2.938773912160623,7.5047857746477025,2.926725362542673,7.637418384819724,3.1605795532144905,18.181818181818166
17,-0.7505644744318192,-0.8348243643144281,-0.7662657581314861,-0.8298618728648313,-4.559722932344137,-0.8421180932161711
18,-0.12624431818181914,-0.6080061055664823,-0.7561442024801629,-0.5734945909774631,-4.205416053436365,-0.7254400284084047
19,-0.8377540134943191,-0.8736984330068109,-0.8453488180735028,-0.8749781501043272,-4.780539766749267,-0.8818201137552552
20,0.0,0.0,0.0,0.0,0.0,0.0
21,-0.8821939368118732,-0.8834742406831824,-0.8841534190448532,-0.8769893060724439,-4.663645589524051,-2.5070738383827997
22,-0.8161562195674901,-0.8178913306427286,-0.8241108275868504,-0.7505644744318192,-2.4823549000000003,-1.81701
23,-0.8952115984152563,-0.8966266108140055,-0.8951012292237938,-0.8946451877326003,-4.147911046571389,-3.0914841220674485
24,-0.9077745427321333,-0.9078616366288389,-0.9080241755743172,-0.907949268038295,-2.5218530771187297,-3.5239677048925726
25,0.0,0.0,0.0,0.0,0.0,0.0
26,-0.9088243449032569,-0.9088268838707797,-0.9088300148403261,-0.9088643912225419,-3.53309984311858,-2.528994191041261
27,-0.9061656505158515,-0.9063772304330796,-0.9065175273594859,-0.9065100941638307,-2.5287549035181427,-3.5060842477933876
28,-0.9025903344704144,-0.9029823039123543,-0.9035406456208006,-0.9025903344715753,-3.8377227837023744,-3.0878196215829163
29,-0.9088243448688177,-0.9088490602162111,-0.9088303490702534,-0.9088243448634763,-3.057909912459712,-3.4097149000000004
30,0.0,0.0,0.0,0.0,0.0,0.0
31,-0.908498544227838,-0.9085292984296149,-0.9085462363503243,-0.9084985442279995,-4.324487918194663,-4.330557985735244
32,-0.908824344903257,-0.9088582068430989,-0.9088270924811808,-0.9088622537355919,-3.884636338556735,-1.8241389
33,-0.9077745427321333,-0.907777951293136,-0.9077862840474509,-0.9079502764654165,-4.503109632567669,-3.873111146183319
34,-0.908824344903257,-0.9088497115371839,-0.9088980137198204,-0.9088384246542542,-3.9353285687853536,-3.849563000903008
35,0.0,0.0,0.0,0.0,0.0,0.0
36,-0.18000000000000002,-0.18000000000000002,-0.24400000000000005,7.681372346670275,-1.0,-1.8
37,-0.5574306062978476,-0.7457313999887043,-0.7498501076280917,-0.7613657264199788,-4.098609910683644,-3.787207906204246
38,-0.6625553419225139,-0.6845541785770346,-0.6845541785770346,-0.5708034686715973,-1.0,-3.820553606387967
39,-0.7558164768828014,-0.8096497923293019,-0.8167817711964406,-0.8198544797389291,-3.4629468297246264,-4.130861140191722
40,0.0,0.0,0.0,0.0,0.0,0.0
41,-0.9061656505158517,-0.9063160432957953,-0.9062864182061432,-0.9063745140822397,-4.61271237263608,-3.903407132746658
42,-0.8946451877325997,-0.8979841760629346,-0.9001795823023669,-0.8968326365966037,-1.81701,-1.0
43,-0.9077745427321333,-0.9081802240487145,-0.9080056946836308,-0.9080229770816954,-3.119521123473867,-3.52160424294196
44,-0.9002699993412796,-0.9002263081546878,-0.8946451877325997,-0.8979830557355134,-4.608189433969839,-4.195748853476798
45,0.0,0.0,0.0,0.0,0.0,0.0
46,-0.9080442168058065,-0.907190016302878,-0.9061656505158519,-0.9075905901878091,-3.956189825023703,-4.789794087040553
47,-0.8828541192832753,-0.8798378924586725,-0.8769893060724439,-0.8840994419639201,-3.0772095505953057,-3.055335457161163
48,-0.9061656505158517,-0.9062960395021991,-0.9064017664325166,-0.9068994330078665,-3.065761368514226,-3.0341320340629485
49,-0.9089709552064658,-0.908991608891346,-0.9089884279245388,-0.908995335847024,-4.114693511052708,-3.8046126146237333
50,0.0,0.0,0.0,0.0,0.0,0.0
51,-0.9088243449032569,-0.9088738481650961,-0.908839030143851,-0.9088666900976107,-3.4193325160000008,-3.063484208217938
52,-0.9084985442097858,-0.9085293100443181,-0.9084985442128751,-0.9085293100443181,-4.023088336000001,-4.103434616160121
53,-0.9061656503736177,-0.9063992717893717,-0.906165650355792,-0.9064098173323928,-3.8956776392428303,-4.6766344282472705
54,-0.9084985442272889,-0.908501824404066,-0.9084985442275408,-0.9085275744849852,-3.466602838296777,-4.568091343127928
55,0.0,0.0,0.0,0.0,0.0,0.0
56,-0.12752848859226676,-0.6223998418608092,-0.6044496475892253,-0.6256207279093984,-1.8090000000000002,-2.5095455894836
57,-0.29396546308000004,-0.18900000000000003,2.786614390897774,-0.18900000000000003,-1.0,-1.8
58,-0.7759428736677573,-0.8093495739609917,-0.8128276157985358,-0.8096287362160127,-3.481646686116292,-1.0
59,-0.6146356903310006,-0.6149123217311909,-0.6212012563463936,-0.5905850875386498,-1.83962001924,-2.976858
60,0.0,0.0,0.0,0.0,0.0,0.0
61,-0.9077745427321307,-0.9078820561027354,-0.9079765114683002,-0.9077745427321309,-4.730300946244631,-3.536934771500192
62,-0.9025903344796669,-0.9028235502575165,-0.9028017797704249,-0.9025903344796664,-3.0275397648756,-3.8554920858236588
63,-0.908498544229459,-0.9086128365184605,-0.9086153222054633,-0.908498544229459,-4.168987382356155,-4.833740898732135
64,-0.8848465495480735,-0.8830625599901062,-0.8769893060724439,-0.8918690213220901,-4.459157915352811,-3.1174574881149364
65,0.0,0.0,0.0,0.0,0.0,0.0
66,-0.905191542612174,-0.90573492710211,-0.9025903344796706,-0.9054494045196095,-3.9623532901548173,-4.666933722011002
67,-0.879173505925596,-0.8589898527974938,-0.8377540134943191,-0.8684690586006831,-1.8227700000000002,-3.4723534819134962
68,-0.9077745427321225,-0.9078428977918928,-0.9078917098935922,-0.907774542732122,-4.099104608891772,-4.526636514250879
69,-0.9090369298429097,-0.9090392957195361,-0.9090391946859495,-0.9090369298429097,-3.5358283911543875,-4.459939159418585
70,0.0,0.0,0.0,0.0,0.0,0.0
71,-0.9089709552064613,-0.9089836259580552,-0.908991584703713,-0.9089709552064608,-4.645935119850919,-3.5401700372202796
72,-0.9077745427321333,-0.9078722504914962,-0.9077952290893418,-0.9079599840939532,-4.37859427350977,-3.090262867530199
73,-0.9025903344796701,-0.9034338965375864,-0.9038092800372884,-0.9043004403540018,-3.892148012760585,-4.565634978037763
74,-0.9077745427321333,-0.9080375526082047,-0.9080836524196079,-0.907868199293668,-3.4222829320000003,-3.0473077088458926
75,0.0,0.0,0.0,0.0,0.0,0.0
76,-0.5568099431818192,-0.7419008762227507,-0.7818781111907462,-0.6051940856050163,-4.537438091337128,-4.138131802665592
77,-0.10900000000000001,-0.25120000000000003,7.681745190069635,-0.1,-1.0,-1.0
78,-0.8377540134943191,-0.8674223547850941,-0.8897204431116328,-0.8536182057919458,-4.876335016866339,-4.994739438721996
79,-0.14012241921811375,-0.623951581835861,-0.6121675464379616,-0.6245362815778951,-1.83864114150408,-1.0
80,0.0,0.0,0.0,0.0,0.0,0.0
81,-0.9084985442180299,-0.9085442565324517,-0.9085554233027934,-0.9084985442184413,-4.874298586034439,-4.134582626728648
82,-0.9061656504679263,-0.9062649508139686,-0.9066762658328328,-0.9061656504678388,-1.83732595794288,-1.8090000000000002
83,-0.9088243448901403,-0.9088536506031049,-0.9088492779388778,-0.9088243448925554,-4.704590537396315,-4.158969381880339
84,-0.8859945521515052,-0.8753366055864938,-0.8737737372633505,-0.8893292309490128,-0.8377540134943191,-5.155330459540696
85,0.0,0.0,0.0,0.0,0.0,0.0
86,-0.904802306355868,-0.9013853250607962,-0.9001410481288902,-0.9046695244219611,-0.8946451877326003,-4.479300221966199
87,-0.8700132438476441,-0.8330398041295055,-0.8346674230156426,-0.8651096215424223,-0.7505644744318192,-4.827260793696912
88,-0.9084985442240819,-0.9085513725124651,-0.9085321677792029,-0.9084985442248198,-1.8494288590851884,-1.8515608108732755
89,-0.9090666184260203,-0.9090670367021908,-0.9090678264973312,-0.9090666184256846,-3.0258094601521885,-3.872441004624052
90,0.0,0.0,0.0,0.0,0.0,0.0
91,-0.9090369298279828,-0.9090381353954493,-0.9090372498310604,-0.9090369298271648,-3.0586342736838814,-4.134750475266042
92,-0.9084985442219978,-0.9086380931659186,-0.9085495461758935,-0.9084985442224838,-4.210057087111673,-2.535372443702308
93,-0.9061656504567868,-0.906743695455617,-0.9064255447170153,-0.9061656504653037,-3.0759743374601793,-4.109923259285873
94,-0.9084985442160963,-0.908501824404066,-0.9085538424941673,-0.9084985442159136,-3.7950207865893577,-4.5609957629213635
95,0.0,0.0,0.0,0.0,0.0,0.0
96,-0.7629919318597866,-0.8240886499753994,-0.8241642599345871,-0.7505644744318192,-4.733448337243555,-0.8492548541797723
97,2.849265953501123,7.593252848055195,7.5705500528588185,2.895818592078598,3.1358690193072993,18.181818181818166
98,-0.8776419484883298,-0.8911591439275002,-0.8911591439275002,-0.8769893060724439,-4.653837452286465,-0.8918554325063685
99,-0.5568099431818192,-0.7417804551786009,-0.747403627096529,-0.652068500152581,-4.627584798504546,-0.8078918403584839
100,0.0,0.0,0.0,0.0,0.0,0.0
101,-0.8975470933393863,-0.8769893060724439,-0.9014653260194092,-0.8929109731950059,-5.113937045362372,-5.1900858824922675
102,-0.8705060460021312,-0.7505644744318192,-0.867237692298617,-0.835351796065249,-4.392684113884764,-4.734665625374106
103,-0.9036729697271549,-0.8946451877326003,-0.904045536628923,-0.9006926557364181,-5.250717328555906,-5.0742348599504865
104,-0.907867296086503,-0.9080254254589875,-0.9077745427321333,-0.9078783379648898,-2.9610000000000003,-1.8
105,0.0,0.0,0.0,0.0,0.0,0.0
106,-0.9089214343870967,-0.9088800850533764,-0.9088243449032569,-0.9088278111544431,-4.6548960682481475,-1.0
107,-0.9063703390431318,-0.9065031494774018,-0.9061656505158515,-0.9070686910067507,-3.095328283497855,-3.5109684786264266
108,-0.8769893060724439,-0.8919610734433865,-0.8976887400824557,-0.8923306824981492,-3.0860657159091973,-3.529273868098177
109,-0.9077745427321335,-0.9080443320005942,-0.9078855492847594,-0.9079733175351274,-3.099204993286965,-3.464758918090745
110,0.0,0.0,0.0,0.0,0.0,0.0
111,-0.906165650515852,-0.9067881160284155,-0.9072816043814276,-0.9067993788997233,-1.0,-4.124363199120131
112,-0.9088243449032566,-0.9088327726823328,-0.9088243449032565,-0.9088651003950974,-4.5896114851245535,-2.5042746944341
113,-0.9077745427321331,-0.9078825527191692,-0.9077745427321331,-0.908090201968375,-4.902408783866049,-4.431597169127074
114,-0.9088243449032564,-0.9088476943442171,-0.9088243449032563,-0.9088279361358746,-3.846058360978909,-3.0610878923626843
115,0.0,0.0,0.0,0.0,0.0,0.0
116,0.8225137564756021,7.681818181818174,0.8016672268117286,2.740639202457038,-1.5399754386664648,-1.5722770202623937
117,-0.8236328299939863,-0.8311951474818773,-0.5568099431818192,-0.750447242785728,-4.775720764684319,-5.127627755140367
118,0.8305681818181798,-0.5583296301001555,-0.5834414473612585,-0.19527515880242577,-4.152079204232729,-4.037477057191955
119,-0.7505644744318192,-0.8359789121847612,-0.7569507871914808,-0.8242984515863734,-4.532647132217231,-4.592540280671628
120,0.0,0.0,0.0,0.0,0.0,0.0
121,-0.897411369567367,-0.8947831986550185,-0.9042701872213921,-0.8946451877326003,-4.3246836299957945,-4.735924433350077
122,-0.885332966990016,-0.8445307397632813,-0.884946318710512,-0.8377540134943191,-4.188898915105172,-4.871154982655174
123,-0.9061004260063252,-0.9025903345476471,-0.9067066440838614,-0.9025903344796701,-4.196016964162042,-4.2186853770949
124,-0.9077408023716149,-0.9070625540003545,-0.9061656505158515,-0.907173643360037,-4.443383871456928,-4.795616775631817
125,0.0,0.0,0.0,0.0,0.0,0.0
126,-0.9084995373546562,-0.9085739293269802,-0.9084985442294599,-0.9087496273326309,-3.1059680221375903,-3.922791922014576
127,-0.9033759922746324,-0.9045159296419845,-0.90259033447967,-0.9038916108707942,-4.2013691091838,-3.5843892475792747
128,-0.8946451877326003,-0.8995340179404252,-0.9015776248105938,-0.8976000488514151,-3.501577729841839,-3.7757388548052004
129,-0.9084985442294599,-0.9086290935225092,-0.9088040931762065,-0.9084985442294599,-3.4886589438856204,-4.13228999800938
130,0.0,0.0,0.0,0.0,0.0,0.0
131,-0.9077745427321333,-0.9081885724049089,-0.9082832459056425,-0.9077745427321334,-4.536728826360436,-4.164871488713282
132,-0.9084985442294599,-0.9087239724227778,-0.9084985442294599,-0.9087574229517814,-1.8,-3.0530032689806514
133,-0.9061656505158517,-0.9068259533133955,-0.9061656505158515,-0.9072979013029431,-4.091058806859143,-4.761572231581521
134,-0.9084985442294599,-0.908628392624827,-0.9084985442294599,-0.9087178256568536,-4.743356691065352,-4.188032397793266
135,0.0,0.0,0.0,0.0,0.0,0.0
136,-0.1635906999764354,2.856966311279728,-0.13175782842241227,2.956818181818178,-3.617072341685545,-3.621343609615202
137,-0.7473459752413592,-0.7524685684257919,-0.12624431818181914,-0.7458347964016983,-5.043122937817588,-4.777571576791361
138,-0.1330841973553271,-0.6301996806678587,-0.6446392446273385,-0.6288355565719305,-2.988378000000001,-1.8
139,-0.5568455178055118,-0.7417448461731937,-0.7305128621154127,-0.7303189053704224,-3.0434340162877076,-4.3129273488616136
140,0.0,0.0,0.0,0.0,0.0,0.0
141,-0.9038358252021328,-0.9050792120482958,-0.9045809201820556,-0.9025903344796706,-3.8379203116289444,-4.204731599132231
142,-0.8972929132310224,-0.889864570367968,-0.8946208864032368,-0.8769893060724439,-1.87892903754652,-3.594598518837327
143,-0.9078344700701895,-0.9072138629302436,-0.9071830437039328,-0.9061656505158515,-4.428485051767815,-4.762127019866934
144,-0.9067168334755122,-0.90259033447967,-0.90259033447967,-0.9065836085769408,-3.148542188243259,-4.234600798327618
145,0.0,0.0,0.0,0.0,0.0,0.0
146,-0.9084214314200882,-0.9077745427321333,-0.9077745427321334,-0.9085837369956954,-3.9532244806874326,-4.2173128294147055
147,-0.9029652218936818,-0.8946504435813147,-0.8946451877325997,-0.8997199574928587,-4.417302654857977,-4.756094204806971
148,-0.9025903344796706,-0.9036226802636964,-0.9040689345254636,-0.9029447309644397,-4.740608546229833,-3.549980922954389
149,-0.9088243449032571,-0.9088934477916678,-0.9088866940330479,-0.9088243449032569,-4.133416898817954,-4.17338555970105
150,0.0,0.0,0.0,0.0,0.0,0.0
151,-0.9084985442294599,-0.9086288275188481,-0.9087445824378289,-0.9084985442294599,-4.989689543039317,-3.4983329145879396
152,-0.9077745427321333,-0.9079204854535624,-0.9077745427321334,-0.9082779341239094,-2.5013040487821643,-2.516929660552302
153,-0.9025903344796701,-0.9031598431389052,-0.9025903344796701,-0.9039733074252657,-4.3126706510715795,-4.52818252070644
154,-0.9077745427321333,-0.907825019873935,-0.9077745427321334,-0.9078724161056276,-3.043107970922324,-4.183620416584568
155,0.0,0.0,0.0,0.0,0.0,0.0
156,-0.5614642932124394,-0.5609120350564942,-0.5541856361776996,0.8305681818181798,-4.61212786030528,-4.466760406461918
157,-0.566868306165044,0.5139917155595929,0.8305681818181798,-0.5561341473835918,-4.614181006520137,-4.236879299334402
158,-0.5571311135709518,-0.7621392868281648,-0.7541567138338584,-0.7406506306663174,-3.0446529520212002,-2.5083994645519447
159,-0.12789263573736903,-0.6107586477689323,-0.6041987308670239,-0.6195621850061391,-2.477104609586865,-1.8162000000000003
160,0.0,0.0,0.0,0.0,0.0,0.0
161,-0.9064663238310452,-0.9066695217911669,-0.9073303291488652,-0.9061656505158517,-4.646589484464872,-4.442490033369641
162,-0.8961213316798176,-0.8997851589246648,-0.8948614190742453,-0.8946451877326003,-4.599580893838208,-1.0
163,-0.9085216354451072,-0.9081717561309531,-0.9083474830708642,-0.9077745427321333,-3.9157507360860175,-4.15000777682118
164,-0.8987958366433285,-0.8946451877325997,-0.8946451877325997,-0.8975965102120711,-3.913971466308001,-3.1246671990003807
165,0.0,0.0,0.0,0.0,0.0,0.0
166,-0.9072600196707762,-0.9061656505158517,-0.9061656505158519,-0.9071088856074478,-2.5867988293429844,-2.5661390811620928
167,-0.8944353517132683,-0.878235241951473,-0.8769893060724439,-0.8953893873956791,-4.98107816338959,-3.5799335076945704
168,-0.9061656505158519,-0.90691182745994,-0.9063029962637565,-0.9061656505158519,-4.189351177434087,-5.094906103702566
169,-0.9089709552064659,-0.908981981295608,-0.908971556321136,-0.9089709552064658,-3.0778675538998037,-3.0666545059685353
170,0.0,0.0,0.0,0.0,0.0,0.0
171,-0.9088243449032569,-0.9088550564471283,-0.9088738254647127,-0.908824344903257,-4.561427691019523,-3.833181110791115
172,-0.9061656505158517,-0.9064316733673171,-0.9071601447910366,-0.9071793747489595,-3.4732825361217867,-2.5215549085464266
173,-0.8946451877326003,-0.8965971165706166,-0.9003854249399103,-0.903263456511963,-4.343061719240595,-3.9330502742012428
174,-0.9061656505158517,-0.9071208052228902,-0.9068458497099319,-0.9068413759506007,-3.904001725807201,-3.8432400172028762
175,0.0,0.0,0.0,0.0,0.0,0.0
176,-0.7437087017406433,-0.7465596700607173,-0.7508100429495522,-0.12624431818181914,-4.946056770996646,-4.984617641639715
177,-0.20295749487871872,2.8301716216963975,2.956818181818178,-0.13593335136136886,-3.5044202728145475,-3.6668084131840564
178,-0.7505644744318192,-0.8573463548778827,-0.8738811766605031,-0.7770573349439229,-4.871991222843048,-4.8629247075802295
179,0.8305681818181798,-0.5732136390020596,-0.5581812888773453,-0.5530392050998669,-4.053133487636365,-4.288285609966991
180,0.0,0.0,0.0,0.0,0.0,0.0
181,-0.9078506603572232,-0.907891787290212,-0.9080422364056563,-0.9077745427321334,-4.333797514854824,-4.788386126851137
182,-0.9030093002852448,-0.9039140197856009,-0.903032234873314,-0.9025903344796701,-2.4634,-3.1455343610810065
183,-0.9085007171802959,-0.9086766254527494,-0.9086154737664983,-0.9084985442294599,-4.160316434289976,-3.902713677011736
184,-0.8938519962036631,-0.8769893060724439,-0.8840297849932646,-0.8882456297789505,-2.54426362721852,-3.5401540767114166
185,0.0,0.0,0.0,0.0,0.0,0.0
186,-0.9045746235148163,-0.9025903344796706,-0.9029580478828548,-0.9045262775617555,-2.5284331301031706,-3.897902363035152
187,-0.8868107560514977,-0.8377540134943191,-0.8699210892523027,-0.8902977027013506,-5.134666209225252,-4.889381114290649
188,-0.9077745427321333,-0.9082916886823826,-0.9077788483188967,-0.9077745427321334,-3.9006169393848893,-3.082550918494858
189,-0.9090369298429097,-0.9090387006585263,-0.9090481172183564,-0.9090369298429097,-4.158383258254146,-4.265183683668507
190,0.0,0.0,0.0,0.0,0.0,0.0
191,-0.9089709552064636,-0.9089864082572594,-0.9089729269881414,-0.9089709552064636,-2.541499839261605,-1.0
192,-0.9077745427321328,-0.9078166101544818,-0.907860806394529,-0.9077745427321326,-4.09035098383961,-3.4989060182827285
193,-0.9025903344796522,-0.9026994386631207,-0.9035240684074677,-0.9025903344796538,-1.0,-3.0991870975174907
194,-0.9077745427321324,-0.9079208497123467,-0.9081044994608356,-0.9077745427321324,-4.401272001245484,-4.963433332635705
195,0.0,0.0,0.0,0.0,0.0,0.0
196,-0.7388620783444962,-0.7320147245397082,-0.7267617546742368,-0.5573217465441456,-3.412306,-4.529913690240001
197,0.8160043594595598,7.681818181818174,2.933803436311803,0.7673753633589196,-1.5391738437876255,-1.5353537431931563
198,-0.849424852156908,-0.857555066423001,-0.8529393487030204,-0.8378392470904317,-1.0,-1.0
199,-0.27577575197892795,-0.6637524859809328,-0.5600091286938214,-0.12624431818181914,-4.203056757436364,-4.519441795608525
200,0.0,0.0,0.0,0.0,0.0,0.0
201,-0.8957986198511735,-0.8946451877326003,-0.8993043745299006,-0.8986676402653643,-5.018924887548636,-4.149326496932206
202,-0.8649878534886072,-0.8377540134943191,-0.875082468396453,-0.8656974703209681,-3.567760316622935,-1.830483621
203,-0.9032207790338944,-0.9025903344796701,-0.9037015409129505,-0.9031171708996617,-4.113274605312375,-4.183036627624423
204,-0.9086064270409466,-0.9084985442294599,-0.9084985442294599,-0.9085530519627291,-4.150873731145162,-2.5125811667956004
205,0.0,0.0,0.0,0.0,0.0,0.0
206,-0.9089807232705378,-0.9089709552064658,-0.9089709552064658,-0.9089747581102655,-3.902020334876274,-3.5234241275001525
207,-0.9080677283492904,-0.9077745427321333,-0.9077745427321333,-0.9080123238139479,-3.4666277088455706,-4.108454588130888
208,-0.8377540134943191,-0.8921330271954947,-0.890263146507666,-0.8783948076558465,-5.107080679280196,-5.106763795268385
209,-0.906165650515852,-0.9083192626521697,-0.9075760453656504,-0.9075479977832843,-5.0833007383457245,-4.779536580963827
210,0.0,0.0,0.0,0.0,0.0,0.0
211,-0.9025903344796706,-0.9066315106976046,-0.9058122879602676,-0.9053840027401686,-4.618482098538507,-4.755342287625893
212,-0.9086844069761716,-0.908694786854501,-0.9084985442294599,-0.9086550853643206,-3.77822825660943,-3.519835361859136
213,-0.9066976035701587,-0.9068517039572774,-0.9061656505158517,-0.9063090703726668,-4.613015860017485,-4.737236143227274
214,-0.9086593053430143,-0.9087336265073687,-0.9084985442294599,-0.9085118779272294,-3.811247195956029,-3.0665536689806516
215,0.0,0.0,0.0,0.0,0.0,0.0
216,-0.24249084602542603,2.956818181818178,-0.16202445396180115,0.6652096030457422,-2.7246045192727286,-3.355793204072729
217,-0.8672249133153382,-0.7591845592877173,-0.7505644744318192,-0.8261066658777214,-4.733537488397985,-3.095949576057955
218,2.956818181818178,-0.12814749236367676,-0.13039107537388653,0.7638915657007952,-3.664870118627267,-3.6481319182984517
219,-0.8364447295978688,-0.8355194300854905,-0.5568099431818192,-0.750454527010658,-4.958426825071555,-5.092264686610812
220,0.0,0.0,0.0,0.0,0.0,0.0
221,-0.9059274257578978,-0.9025903344796701,-0.9049695246444149,-0.9025903344796701,-4.377209749123613,-3.0798967738453458
222,-0.8938992201643818,-0.8769893060724439,-0.8778473302745223,-0.8773847157061768,-1.0,-3.9518843790672467
223,-0.9075044121220264,-0.9061656505158515,-0.906742271544398,-0.9061656505158515,-3.90844683043896,-3.923511109141062
224,-0.9080306864078274,-0.9077745427321333,-0.9077745427321333,-0.9081834631540329,-2.5512160700378925,-3.0090679492320005
225,0.0,0.0,0.0,0.0,0.0,0.0
226,-0.9088749393609551,-0.9088243449032569,-0.908824344903257,-0.9088659196721098,-3.8528542510088717,-3.5288794207940657
227,-0.9063837716436142,-0.9061656505158515,-0.9061656505158515,-0.9067229508155833,-3.801746558980326,-4.0661686918369835
228,-0.8987840300529535,-0.900363798329732,-0.8986457245015262,-0.8769893060724439,-4.74628841532159,-4.78736098213708
229,-0.9086537237782671,-0.9085217075212582,-0.908650386248415,-0.9077745427321335,-5.205656961715693,-4.766423030426048
230,0.0,0.0,0.0,0.0,0.0,0.0
231,-0.9076003394352176,-0.9076107553167712,-0.9079406940400103,-0.906165650515852,-4.899765484411067,-4.985617412568419
232,-0.9084807193944389,-0.9083643292739338,-0.9077745427321334,-0.9081123725234759,-1.0,-3.885420517069486
233,-0.9048152057280723,-0.9032795690344289,-0.9025903344796706,-0.9033592075514907,-3.912180539829902,-5.1781739766033095
234,-0.9080214447463759,-0.9084892926903297,-0.9077745427321333,-0.9080501531033517,-4.172483843446221,-4.736235475086237
235,0.0,0.0,0.0,0.0,0.0,0.0
236,-0.47922530228200005,0.8274324826919863,-0.461378682869508,-0.17462548699790487,-1.82196,-2.9520000000000004
237,-0.8201656338215519,-0.5568099431818192,-0.6332118170253993,-0.7765006388360198,-4.944230938250526,-4.952493831650053
238,-0.6131152485708931,-0.5725418123844003,-0.562351850649677,0.8305681818181798,-4.610179090692444,-4.377050706119473
239,-0.7471985652505777,-0.7488379807190693,-0.12624431818181914,-0.7492611125723836,-5.014285725863445,-4.916279869193594
240,0.0,0.0,0.0,0.0,0.0,0.0
241,-0.9068859900772601,-0.9061656505158519,-0.9068515755048826,-0.9061656505158515,-4.802611227440838,-4.125466847541233
242,-0.9015350054239686,-0.8946451877325997,-0.8962871863944599,-0.8946451877325997,-2.4994855159767093,-3.5380337622192526
243,-0.9080184580357185,-0.9077745427321333,-0.9081051071834851,-0.9077745427321333,-4.563446529280376,-2.490546204547031
244,-0.907226899403331,-0.9061656505158515,-0.9061656505158515,-0.9063928605455688,-4.166982457020776,-3.117030747652692
245,0.0,0.0,0.0,0.0,0.0,0.0
246,-0.9086555725332758,-0.9084985442294599,-0.9084985442294599,-0.9086613948972014,-4.619687089754143,-4.3532459427835075
247,-0.9033614003062582,-0.90259033447967,-0.90259033447967,-0.9057560353251223,-3.513502829021355,-4.5877214028411375
248,-0.9038646586068845,-0.9039357668346097,-0.903827382930735,-0.8946451877326003,-4.233381987471005,-4.918746651141337
249,-0.9087185771897914,-0.9086768539541566,-0.9085538830007843,-0.9084985442294606,-4.796926162156198,-4.786898653762218
250,0.0,0.0,0.0,0.0,0.0,0.0
251,-0.9084196391964414,-0.9083675374801446,-0.9084542157755687,-0.9077745427321335,-3.9292616585560034,-3.9003119635297363
252,-0.9070468258718845,-0.9078189542423934,-0.906165650515852,-0.9078653655181762,-5.14426618804747,-4.3184238830750035
253,-0.9038564828673316,-0.9027630703873684,-0.8946451877326003,-0.901088733002074,-4.993333442748412,-5.191017845659536
254,-0.9074785740673164,-0.9080755152903094,-0.906165650515852,-0.9077292105792656,-4.196457686829057,-5.201912732219071
255,0.0,0.0,0.0,0.0,0.0,0.0
256,-0.5682355085476001,-0.1269930255760796,-0.5611941916137497,-0.5723512744546699,-2.9610000000000003,-2.4859765810000005
257,-0.5896444433130594,-0.12926152302043292,-0.5538200251147485,-0.5868999608448119,-1.8245406600000003,-1.0
258,-0.7523376342813765,-0.750893324232925,-0.748130798021486,-0.12624431818181914,-4.965619136594289,-4.708332622540749
259,-0.5933200661722771,-0.567724941220013,0.8305681818181798,-0.5574622476251352,-4.356305569313355,-4.5651630007896875
260,0.0,0.0,0.0,0.0,0.0,0.0
261,-0.9077948793684785,-0.9077745427321334,-0.9081039381119649,-0.9077745427321333,-3.540121797322735,-4.8461680251163655
262,-0.9040898118676319,-0.9025903344796701,-0.9053038694517986,-0.90259033447967,-3.849554034185707,-4.2032590426885585
263,-0.9085524522300684,-0.9084985442294599,-0.9085544287770131,-0.9084985442294599,-4.49458957700259,-3.939966819546986
264,-0.9038152849981443,-0.90259033447967,-0.90259033447967,-0.9048563647393242,-3.4804356662072506,-3.0565680856405715
265,0.0,0.0,0.0,0.0,0.0,0.0
266,-0.908024712425611,-0.9077745427321333,-0.9077745427321334,-0.9081882983595745,-1.881699708845891,-1.8446501041240322
267,-0.8988447654111603,-0.8946451877325997,-0.8946451877325997,-0.8986669825220639,-3.039718066895934,-4.122188613798057
268,-0.9056937170664703,-0.905777344648889,-0.9051720113049061,-0.9025903344796706,-4.554681090485933,-4.22521379635272
269,-0.9088898645476219,-0.9088770020448533,-0.9088743993040808,-0.9088243449032571,-4.352807252432461,-4.766537752178145
270,0.0,0.0,0.0,0.0,0.0,0.0
271,-0.90856014803181,-0.9087070019150555,-0.9087693021161101,-0.9084985442294599,-4.6176375436221395,-4.39929935617201
272,-0.9025903344796706,-0.9067682478697972,-0.9074020062996059,-0.9063038863599373,-4.904807573222543,-4.7930477077479345
273,-0.8769893060724439,-0.8908669382586998,-0.8989818429809527,-0.8930068164941104,-4.885000045272863,-4.8793149497189825
274,-0.9025903344796706,-0.9070412396003049,-0.90686508603063,-0.9066019549125319,-4.905355196946974,-5.09090813281549
275,0.0,0.0,0.0,0.0,0.0,0.0
276,-0.7982452999759704,-0.5568099431818192,-0.7912273352846284,-0.5979451951817787,-5.064484878529307,-4.360258143856606
277,-0.4583399350032,-0.4106170128759319,0.8075820077476747,-0.4662671363962952,-1.8162000000000003,-1.8
278,-0.8358381519013471,-0.8291604348278758,-0.8379458049465813,-0.5568099431818192,-5.128665396667919,-5.00704557601274
279,2.956818181818178,-0.1267953778037673,-0.13137742393338037,-0.1276270666077658,-3.663835175229605,-3.594293992296479
280,0.0,0.0,0.0,0.0,0.0,0.0
281,-0.908521846382565,-0.9084985442294599,-0.9085624854680682,-0.9084985442294599,-4.073043279661222,-4.381760768523614
282,-0.9065527600460919,-0.9061656505158515,-0.9064110766074956,-0.9061656505158515,-2.471266,-3.9321792757809737
283,-0.9088477717752509,-0.9088243449032569,-0.9088706534335764,-0.908824344903257,-4.552039221199845,-4.7134510194972545
284,-0.8989465974264937,-0.8946451877326003,-0.8967200675180789,-0.8982106995283239,-4.896827912070604,-3.917740206815206
285,0.0,0.0,0.0,0.0,0.0,0.0
286,-0.9071282844191785,-0.9061656505158517,-0.9067702145029928,-0.9068002362297936,-3.025025274323492,-3.5088515359585397
287,-0.8919740663693486,-0.8769893060724439,-0.8862425659505414,-0.8908083998684511,-4.653158834804351,-1.84788133629498
288,-0.9067481899995883,-0.9064135768291036,-0.9065891062927939,-0.9061656505158519,-2.4737679999999997,-4.537168831960348
289,-0.9090032740923256,-0.9089836115530221,-0.9089756599155691,-0.9089709552064658,-3.8664507347434482,-4.37044123684242
290,0.0,0.0,0.0,0.0,0.0,0.0
291,-0.9088454349250412,-0.908836364933111,-0.9088753146434635,-0.9088243449032569,-4.1470569449910055,-3.885260278399172
292,-0.9061656505158515,-0.9065566102286589,-0.9063682835542085,-0.9061656505158515,-3.868895662690272,-3.8746393545336217
293,-0.8946451877325997,-0.8958915228013742,-0.8949757629138971,-0.8946451877325997,-4.145541764785827,-2.5622713197500784
294,-0.9061656505158515,-0.9063329078524044,-0.9063930256679888,-0.9061656505158515,-1.8815549085462107,-2.470618
295,0.0,0.0,0.0,0.0,0.0,0.0
296,-0.7632010437883984,-0.7643150153241528,-0.7680334771164432,-0.7545828643951674,-3.7715478696,-3.429889020159963
297,-0.24962466613716303,2.956818181818178,0.3460407985454535,-0.2961389776744523,-3.4696694728040876,-3.6281153309393543
298,-0.834173881738286,-0.8293020291589579,-0.8196997223714146,-0.7506754416009485,-1.8528282536554888,-1.0
299,-0.38605102795800006,-0.4120681862947241,-0.40144914100000006,0.8298690265159502,-1.0,-2.4876350759376598
300,0.0,0.0,0.0,0.0,0.0,0.0
301,-0.9033979396756934,-0.9025903344796701,-0.9030171111267246,-0.9032641940899638,-4.809890822683068,-4.635184530922677
302,-0.8788986278635152,-0.8769893060724439,-0.8815291130752402,-0.8838767448424094,-3.8798432853194416,-2.582112025755782
303,-0.9063810148876527,-0.9061656505158515,-0.9066837678148194,-0.9064100433422226,-2.48567871556,-2.563794886287427
304,-0.9088361895274705,-0.9088243449032569,-0.908825172448158,-0.9088502504479198,-1.826568,-3.7841343738350783
305,0.0,0.0,0.0,0.0,0.0,0.0
306,-0.9090373486827816,-0.9090369298429097,-0.9090450230961247,-0.9090447599510271,-3.0600042295871464,-3.585099672980864
307,-0.9086150909091308,-0.9084985442294599,-0.9085569166092632,-0.908499672142413,-4.178821724417109,-3.0319183414800004
308,-0.7505644744318192,-0.8713432578875906,-0.8407963138013559,-0.8397863474135563,-4.826063870371857,-5.170685408614937
309,-0.9025903344796706,-0.9070936971500742,-0.9058630999505899,-0.9050417153369879,-4.888512615547606,-5.0955348283079545
310,0.0,0.0,0.0,0.0,0.0,0.0
311,-0.8946451877326003,-0.9038246738082323,-0.9020934083009498,-0.9021141928944981,-4.907957855615503,-4.446561056373359
312,-0.9088610354689207,-0.908824344903257,-0.9088270239564763,-0.9088759000700913,-3.8551830694384366,-3.4942649893878897
313,-0.9078370612194113,-0.9077745427321334,-0.907882390715833,-0.908050928696838,-3.4862722174699936,-4.583382562933733
314,-0.9088792447556306,-0.908824344903257,-0.9088284202564207,-0.9088535070369926,-4.295212485136549,-3.022899651577113
315,0.0,0.0,0.0,0.0,0.0,0.0
316,-0.5611237237881805,0.8305681818181798,-0.2364764074934374,-0.215368010408585,-4.196887490068365,-3.6761965552322136
317,-0.881224427177807,-0.8377540134943191,-0.8708315663801729,-0.869108616041631,-4.718897313283271,-4.207830570258626
318,7.681818181818174,0.8072670486479427,2.8184636350270487,2.9382485488894035,-1.5309504510120318,-1.5192924291783252
319,-0.8646287712516426,-0.7505644744318192,-0.8318476394540257,-0.8344246875960483,-3.916358778352501,-4.857924442448011
320,0.0,0.0,0.0,0.0,0.0,0.0
321,-0.9066854165285978,-0.9061656505158515,-0.9067784582114861,-0.906363359672103,-3.107108840215453,-4.667914159800466
322,-0.8965612856618461,-0.8946451877325997,-0.8988018000887146,-0.8953300808023831,-3.8453985031336027,-4.138538185406154
323,-0.9081679126646909,-0.9077745427321333,-0.9080278213527999,-0.9078183597856144,-3.516729606108436,-3.457868834302228
324,-0.9085710523500945,-0.9084985442294599,-0.9084985442294599,-0.9085655977839759,-1.8090000000000002,-3.8743814508463483
325,0.0,0.0,0.0,0.0,0.0,0.0
326,-0.9089791319005065,-0.9089709552064658,-0.9089709552064658,-0.9089829066610623,-3.109621294660964,-2.538732074578885
327,-0.9077941532107452,-0.90777454273212,-0.9077745427321191,-0.9080870566555108,-3.091208222517534,-3.0528353968272004
328,-0.9007815977683932,-0.8946451877326003,-0.9013918969197935,-0.9007263888225739,-4.119521721752042,-4.386017872982868
329,-0.9086283951869605,-0.9084985442294599,-0.9085966070028221,-0.908501824404066,-4.118201357589329,-4.42644095476
330,0.0,0.0,0.0,0.0,0.0,0.0
331,-0.908280712382088,-0.9077745427321334,-0.9078402853955483,-0.9078344064168262,-4.146200733615161,-3.560360627705814
332,-0.9085372374044296,-0.9084985442294581,-0.9084985442294575,-0.9084999189193464,-2.5050347608420003,-3.8340832357099686
333,-0.9068580857693942,-0.9061656505158459,-0.9061656505158446,-0.9063482963111656,-3.8880064815727096,-3.816210692242242
334,-0.9085548515518892,-0.9084985442294599,-0.9084985442294599,-0.9085237935800186,-4.424250177810441,-1.0
335,0.0,0.0,0.0,0.0,0.0,0.0
336,-0.5068208222820001,-0.5203136446796801,-0.5227647859846792,-0.501962211082,-3.3616000000000006,-3.6892800000000006
337,-0.7449543499138814,-0.7394674353369965,-0.7414460809066084,-0.7507994747172735,-1.8363562822800001,-3.442433836194101
338,-0.6121165764059348,-0.17765546340145622,-0.6364482921367977,-0.6256207279093984,-1.8241389,-1.0
339,-0.6207307026015618,-0.5606553080961725,-0.6166747689048319,-0.6225613299922128,-1.0,-1.8090000000000002
340,0.0,0.0,0.0,0.0,0.0,0.0
341,-0.9078532905087227,-0.9077745427321288,-0.9078934901329984,-0.9077745427321289,-1.0,-3.530866979477899
342,-0.9035925889336449,-0.9025903344796692,-0.9029706208689318,-0.9025903344796691,-1.8090000000000002,-3.019873716
343,-0.908579541895143,-0.9084985442294583,-0.9085539914608518,-0.9084985442294579,-3.035200993878479,-4.347602910801264
344,-0.9077842800824932,-0.9077745427321333,-0.9079672689160835,-0.9079941385301611,-3.1148963183303797,-4.221599935695256
345,0.0,0.0,0.0,0.0,0.0,0.0
346,-0.9088691613488336,-0.908824344903257,-0.9088730144246451,-0.9089319589834561,-3.0252273076576803,-3.964239336568249
347,-0.9064908722226076,-0.9061656505158515,-0.9066837698324228,-0.9069770409303146,-3.056552428546427,-4.024043092
348,-0.9030369459208855,-0.9025903344796701,-0.9032547847276323,-0.9025903344796701,-4.3606167730807766,-3.050927983333584
349,-0.908879594951013,-0.9088243449032571,-0.9088479512137269,-0.908824344903257,-3.8581826295694643,-3.4699363790071125
350,0.0,0.0,0.0,0.0,0.0,0.0
351,-0.9085038475702498,-0.908498544229456,-0.9086055807835213,-0.9084985442294564,-3.0638213273536588,-2.48816487160936
352,-0.9081564287188499,-0.9077745427321333,-0.9078822725481485,-0.9081149258628015,-2.5660519831159663,-3.091223173498894
353,-0.9041699355273399,-0.9025903344796701,-0.9031122608856641,-0.9030574672171187,-4.676878985462885,-4.960017584351766
354,-0.9078040564548788,-0.9077745427321333,-0.9078515599337582,-0.9078880255210519,-4.8404860321806105,-4.536535187681833
355,0.0,0.0,0.0,0.0,0.0,0.0
356,-0.5391622587556,-0.5651590595429135,-0.5377001915556001,-0.5332010700062881,-1.8,-2.44
357,-0.6501273913536171,-0.595890329835283,-0.6568024478393646,-0.6693537311988211,-3.002726421,-3.3850000000000002
358,-0.6641253701401894,-0.5578842925103216,-0.6568024478393646,-0.6729780480590715,-1.0,-1.8247221809999998
359,-0.5892378851487474,-0.15605101499092705,-0.5866042673980523,-0.624083404651792,-1.0,-1.0
360,0.0,0.0,0.0,0.0,0.0,0.0
361,-0.9086386890611755,-0.9084985442294599,-0.9085055098000462,-0.9085476472159746,-4.2897400882281795,-4.102180986197873
362,-0.9073850271283157,-0.9061656505158515,-0.906464845068206,-0.9065471681965089,-2.5740938894010394,-1.0
363,-0.9088512000913012,-0.908824344903257,-0.908963114658613,-0.9088728687873497,-4.161038114841149,-3.441594959029262
364,-0.9061729375100538,-0.9061656505158471,-0.9061656505158472,-0.906390767613894,-3.786264930556646,-1.828674
365,0.0,0.0,0.0,0.0,0.0,0.0
366,-0.908545697650353,-0.9084985442294599,-0.9084985442294599,-0.908554872550343,-1.8817648370071192,-1.8817648689779314
367,-0.9026698776371921,-0.9025903344794324,-0.9025903344793841,-0.9034291256280472,-3.796404815967371,-3.449913948368346
368,-0.9063227808781839,-0.906165650515852,-0.9064347154236567,-0.9062445371021919,-4.404300269606627,-4.162218214996753
369,-0.9090211283819672,-0.9089709552064659,-0.9090000182337759,-0.9089879139010355,-3.0432985529058207,-4.155838287127448
370,0.0,0.0,0.0,0.0,0.0,0.0
371,-0.9088431045000668,-0.9088243449032569,-0.90893836352561,-0.9088645476538548,-2.4942416338,-4.5579171523834185
372,-0.8946451877326003,-0.9015634930564197,-0.9039520588229648,-0.9006757843459277,-5.154433244882623,-4.410772469477492
373,-0.8377540134943191,-0.8838186793123921,-0.8801924068767192,-0.8759277268673716,-5.2149891177036185,-5.0444172725919945
374,-0.8946451877326003,-0.9032567341717957,-0.9050434034554492,-0.901837060610004,-4.737428063077729,-5.2719680660661705
375,0.0,0.0,0.0,0.0,0.0,0.0
376,-0.862007444338705,-0.7505644744318192,-0.8174082518510736,-0.8251399111542024,-5.182817963717023,-4.840822519643556
377,-0.6782651503053065,-0.3346678384030835,-0.12624431818181914,-0.5971797195136146,-4.511592378137456,-4.205416053436364
378,-0.8604830825119182,-0.7505644744318192,-0.8646351596574662,-0.8351940935950587,-4.2006378253808645,-4.865099034773831
379,7.681818181818174,0.8171572809641667,0.782852586021521,2.9338153114772805,-1.5412812792810526,-1.5353537431931563
380,0.0,0.0,0.0,0.0,0.0,0.0
381,-0.9088513873816926,-0.9088243449032459,-0.9088390317939226,-0.9088243449032464,-4.5819193882523805,-4.6651090965023645
382,-0.907972422725485,-0.9077745427321249,-0.907997725030063,-0.9077745427321228,-2.53939072172793,-2.528899626491616
383,-0.9089985326570903,-0.9089709552064631,-0.908981128132884,-0.9089709552064631,-3.7988107702265395,-3.5465085407040524
384,-0.9041547162955439,-0.9025903344796701,-0.9036342117878279,-0.902979816923916,-3.3616000000000006,-4.067395564826051
385,0.0,0.0,0.0,0.0,0.0,0.0
386,-0.9077985232871765,-0.9077745427321333,-0.9079055834105315,-0.9078468283462338,-3.1433084601945125,-2.5870594759226058
387,-0.8972596830170414,-0.8946451877325997,-0.8950486732091504,-0.8954605622493604,-3.0397180668959294,-4.593938477161814
388,-0.9078140456273898,-0.9077745427321324,-0.9078864691598783,-0.9077745427321321,-3.4256703520000005,-5.013495937959141
389,-0.9090371687567228,-0.9090369298429097,-0.9090424920164047,-0.9090369298429097,-2.449,-1.0
390,0.0,0.0,0.0,0.0,0.0,0.0
391,-0.9089833703052811,-0.9089709552064658,-0.9089851076064117,-0.9089709552064658,-3.0496119068288854,-3.057252275457467
392,-0.90259033447967,-0.9028947574305453,-0.902970277244277,-0.90259033447967,-3.4245938958580004,-3.4668091297085892
393,-0.8798605610294932,-0.8852325567006543,-0.8859177839802044,-0.8769893060724439,-4.387836193099802,-3.812243360095201
394,-0.9025903344796701,-0.9027930723259319,-0.902958778162169,-0.9025903344796701,-3.0524616107340066,-3.5546994941661456
395,0.0,0.0,0.0,0.0,0.0,0.0
396,-0.8215859364683378,-0.8211186286263303,-0.8285560061255288,-0.8237507133743276,-2.4562,-2.5119436527039833
397,-0.5839762376250404,0.8305681818181798,-0.2610701787689397,-0.5566572163579584,-3.4379965800000014,-3.4853561656337466
398,-0.8442214359413589,-0.8392380188327424,-0.8390764946421699,-0.837837497222982,-1.8591122203055428,-3.053258445515279
399,-0.24400000000000005,-0.26020000000000004,-0.18900000000000003,2.940500310974949,-1.8,-1.0
400,0.0,0.0,0.0,0.0,0.0,0.0
401,-0.9062060815987271,-0.9061656505158515,-0.9066783330443019,-0.9064110766074956,-3.4690900981285004,-3.8521599777575273
402,-0.8966825978848341,-0.8946451877325997,-0.8979522407642222,-0.8952375526693631,-2.5277180668958983,-2.5055429729941006
403,-0.9077747713233058,-0.9077745427321333,-0.9078854738913986,-0.9078482348227883,-2.5089239312322933,-3.509929533930898
404,-0.9089742194827501,-0.9089709552064658,-0.9089717577623704,-0.9089755142538234,-2.556681798200171,-4.098749976397389
405,0.0,0.0,0.0,0.0,0.0,0.0
406,-0.9090678264973312,-0.9090666184293092,-0.9090704435956799,-0.9090683597158717,-3.904923326920587,-2.4947640761941003
407,-0.9088743913877527,-0.908824344903257,-0.9088535070369926,-0.9088523702670206,-4.527865569587709,-4.120141527527667
408,-0.7622284138532858,-0.8326971029687837,-0.7544764315451256,-0.756930642724176,-0.5568099431818192,-4.073699463522728
409,-0.901270471475207,-0.9048566578496138,-0.9013696687847825,-0.901965894566063,-0.8946451877326003,-5.185299656192784
410,0.0,0.0,0.0,0.0,0.0,0.0
411,-0.8919547074136367,-0.900604056303792,-0.8930309133746293,-0.8930505310116224,-0.8769893060724439,-4.879319019066472
412,-0.9089721871923117,-0.9089709552064658,-0.9089753833219172,-0.9089742194827501,-3.7930554666640806,-2.5131661552756
413,-0.9085833051760674,-0.9084985442294599,-0.9085559751059865,-0.9085007198437611,-3.9065789616645334,-4.591538046275243
414,-0.908975614191531,-0.9089709552064658,-0.9089823435037195,-0.9089746961867766,-2.489794741,-4.577564464691551
415,0.0,0.0,0.0,0.0,0.0,0.0
416,-0.5772705370944846,-0.12624431818181914,-0.5726299797513954,-0.595528752530428,-4.532078372322097,-0.743657578592104
417,-0.8918891087294871,-0.8769893060724439,-0.8932011143758205,-0.8924068689699054,-4.750796387851396,-0.9005760458009053
418,7.610043577537454,2.9016655955156403,7.57111151461445,7.645541821108858,3.1741250175115363,18.181818181818166
419,-0.8750465222242831,-0.8377540134943191,-0.8734585740879037,-0.8759751416454864,-5.076702253572941,-0.8905955709817504
420,0.0,0.0,0.0,0.0,0.0,0.0
421,-0.9079624168019091,-0.9077745427321333,-0.9080774258491207,-0.9079040852947542,-3.519731561790338,-2.5474625658909047
422,-0.9039726312319176,-0.90259033447967,-0.9031996243294609,-0.9036589180018215,-3.1427205174339155,-1.8803659942010227
423,-0.9086170269639874,-0.9084985442294599,-0.9085375809996818,-0.908554180876675,-4.117125854714139,-3.503491072066906
424,-0.9088413222711365,-0.9088243448953044,-0.908824344895197,-0.9088860480707375,-4.049732904507194,-3.013559875132352
425,0.0,0.0,0.0,0.0,0.0,0.0
426,-0.9090392133534082,-0.9090369298369161,-0.9090369298367964,-0.9090399328422003,-3.0297053778784786,-3.0808696604600656
427,-0.9085159251362214,-0.9084985440589253,-0.9084985440824036,-0.9085580194148856,-4.264299658727779,-3.478903854693782
428,-0.9036478036098454,-0.9025903344796706,-0.9035045276174435,-0.9039567985256574,-2.9520000000000004,-3.844556011933167
429,-0.9088417485262645,-0.908824344903257,-0.9088538167269693,-0.9088524807825641,-4.112749031093559,-4.3906200279501615
430,0.0,0.0,0.0,0.0,0.0,0.0
431,-0.9085261817338819,-0.9084985442294599,-0.9085482924644577,-0.9086318273843454,-3.928743831128667,-3.507214767052542
432,-0.908855865024107,-0.908824344886443,-0.9088243448881043,-0.9088303490702534,-2.5032177279533467,-3.76286554269
433,-0.9078354715489161,-0.9077745426334564,-0.9077745426289267,-0.9078977910181881,-3.7548982184400006,-4.089144931546624
434,-0.9088284093008709,-0.9088243449014162,-0.908824344901657,-0.9088281559558222,-4.8589196685269815,-4.5949339543590835
435,0.0,0.0,0.0,0.0,0.0,0.0
436,-0.501962211082,-0.5201175666455201,-0.5169747071059488,-0.5069878645861,-1.8090000000000002,-1.8090000000000002
437,-0.7092532189335607,-0.7329196973614904,-0.7154959586456209,-0.7270143266056696,-2.4776173000000004,-1.84019104413
438,-0.6256207279093984,-0.6194604349581434,-0.6352214845217183,-0.6256207279093984,-1.0,-1.0
439,-0.5905850875386498,-0.609546157928391,-0.6035686854239618,-0.5905850875386498,-3.0031812360000005,-2.44
440,0.0,0.0,0.0,0.0,0.0,0.0
441,-0.9085057153830083,-0.9084985442159557,-0.9085258457805387,-0.9084985442162772,-4.4680451179021485,-4.118540621463482
442,-0.9063799419215683,-0.9061656504342908,-0.9062578970021132,-0.90616565042051,-1.81701,-3.0767812987700007
443,-0.9088531777189964,-0.908824344898279,-0.908853253965318,-0.9088243448973552,-2.5069328305645424,-3.8271565783906425
444,-0.9085964305703987,-0.9084985442294599,-0.9085512714602829,-0.9085012762862577,-1.8252340200000001,-3.035915329425704
445,0.0,0.0,0.0,0.0,0.0,0.0
446,-0.9089942309989021,-0.9089709552064658,-0.908972924711677,-0.9089753876815811,-1.8818072045953906,-3.099223535577085
447,-0.9080183775755138,-0.9077745427321333,-0.9079811850345869,-0.9078716082343483,-4.555437731154772,-1.8792251862338847
448,-0.9065845670706619,-0.9061656505096388,-0.9061752946717987,-0.9061656505084191,-3.0231404489508713,-4.135304192185505
449,-0.9089781085337277,-0.9089709552051929,-0.9089741177214945,-0.9089709552051578,-1.881781600135251,-3.49303885070601
450,0.0,0.0,0.0,0.0,0.0,0.0
451,-0.9088488734884574,-0.9088243448984095,-0.9088252635308398,-0.9088243448989581,-4.399564330926152,-3.80632366550805
452,-0.9085509827727859,-0.9084985442294599,-0.9085008114609237,-0.908619442927223,-2.539756024838939,-2.4839101
453,-0.9063040399418679,-0.9061656505158515,-0.906238719504244,-0.9064954261511359,-5.110453597509296,-4.9340572474747715
454,-0.9085914122214295,-0.9084985442294599,-0.9085211013230816,-0.908533250015781,-4.061064953047651,-3.9137232564537916
455,0.0,0.0,0.0,0.0,0.0,0.0
456,-0.54674636786298,-0.5503190758701766,-0.5377001915556001,-0.5146186809761921,-1.0,-1.8314582778
457,-0.6845541785770346,-0.6898769559218911,-0.6845541785770346,-0.6870544955454028,-2.47652362,-3.0052349010000006
458,-0.6568024478393646,-0.6696540442191298,-0.6568024478393646,-0.641768393200748,-1.845628907812749,-1.8090000000000002
459,-0.5898613934340595,-0.6160629528987732,-0.5905850875386498,-0.5902075959569413,-1.8090000000000002,-2.4983923001941
460,0.0,0.0,0.0,0.0,0.0,0.0
461,-0.9088362027305059,-0.9088243449032569,-0.9088818801367897,-0.9088526678160331,-3.5201178947141503,-3.832167546081293
462,-0.9081276315308809,-0.9077745427321333,-0.9078783245924824,-0.9079017585267015,-3.0817709246025147,-2.4888161112400002
463,-0.9089814144657649,-0.9089709552064658,-0.9089837103100014,-0.9089742554287601,-4.605437653344107,-4.202915069483977
464,-0.9078770881496216,-0.9077745427030852,-0.9077745427003896,-0.9078384927843648,-3.046659704338431,-4.203291600000001
465,0.0,0.0,0.0,0.0,0.0,0.0
466,-0.9088535070369926,-0.9088243448993606,-0.908824344899371,-0.9088303490702534,-3.5431657070334115,-2.5871248035200423
467,-0.9063712650557266,-0.9061656486614257,-0.9061656488540925,-0.9066432112690099,-1.8227700000000002,-3.4693382110232007
468,-0.9078118214035334,-0.9077745427321333,-0.9078559669035129,-0.9078871719699045,-4.506454288550541,-4.071516591129719
469,-0.9090392957195361,-0.9090369298429097,-0.9090411935010554,-0.9090452053093883,-4.307070214153846,-4.110313493485916
470,0.0,0.0,0.0,0.0,0.0,0.0
471,-0.9089729212796589,-0.9089709552064658,-0.9089870243655357,-0.9089750232144999,-2.5368513864907434,-2.449
472,-0.8934812049835206,-0.8986428567865361,-0.8964912074610512,-0.8929199328189891,-0.8769893060724439,-5.222649161916424
473,-0.8367564509235702,-0.86700081905564,-0.8670108325870168,-0.8358857038416876,-0.7505644744318192,-5.142274965133789
474,-0.8930962360331278,-0.9009899604219065,-0.8962764103203125,-0.8932821103038953,-0.8769893060724439,-5.236551020466959
475,0.0,0.0,0.0,0.0,0.0,0.0
476,-0.8739386203334563,-0.8377540134943191,-0.8763420518754043,-0.8750710199935366,-5.111989380175713,-0.8877695326859887
477,-0.7504569838759194,-0.5568099431818192,-0.6263193023943252,-0.7499460369774413,-4.656865573748882,-0.8135356233983932
478,-0.8743573368728249,-0.8377540134943191,-0.886860143563106,-0.8737449993547641,-5.2381590095138275,-0.8847163265719064
479,7.594361958542628,2.934262844746234,2.6337812315431766,7.540192256081812,3.1737293690614807,18.181818181818166
480,0.0,0.0,0.0,0.0,0.0,0.0
481,-0.9089744578104242,-0.9089709551594054,-0.9089734308579239,-0.9089709551606668,-4.922088154675406,-4.30166990831307
482,-0.9086144038855801,-0.9084985441669176,-0.9085653260103119,-0.9084985441649376,-2.4890326786000005,-2.521475628097945
483,-0.9090390101609519,-0.9090369298245076,-0.9090415385643316,-0.9090369298281439,-2.46984202,-3.511967318730174
484,-0.9066027828740002,-0.9061656505158515,-0.906372469681374,-0.9064948195858282,-1.8815549085464265,-3.501528769180924
485,0.0,0.0,0.0,0.0,0.0,0.0
486,-0.9085547181331726,-0.9084985442294599,-0.9086547575287948,-0.9085082240416789,-1.881664761848374,-4.109948522090091
487,-0.903032234873314,-0.90259033447967,-0.9030207356831415,-0.9037161512967888,-1.8398055546,-3.5203987819545244
488,-0.908531139276865,-0.9084985442273652,-0.9085580431474679,-0.908498544227487,-1.8,-3.0301108952400004
489,-0.9090690175833909,-0.9090666184279672,-0.9090684685628695,-0.9090666184281846,-3.119023415258227,-2.534775994755275
490,0.0,0.0,0.0,0.0,0.0,0.0
491,-0.9090389320662685,-0.9090369298412613,-0.9090389165474039,-0.9090369298414006,-4.666934760972721,-4.5350428271091525
492,-0.8977973798881268,-0.8958618924567099,-0.896614673009893,-0.8946451877325997,-4.720881180495782,-4.130800053212681
493,-0.8641197405030964,-0.8640591142754105,-0.8649981815390503,-0.8377540134943191,-3.8265112915562822,-3.4889073685166703
494,-0.8967243588780877,-0.8984775623896919,-0.8968822014973311,-0.8946451877326003,-3.880138997866985,-1.8
495,0.0,0.0,0.0,0.0,0.0,0.0
496,-0.8597329173513961,-0.8572055731656997,-0.8591160203456881,-0.8563306866646758,-2.97621,-1.8
497,-0.6482671713759094,-0.13835917096962008,-0.6568024478393646,-0.6494225985908242,-1.81701,-3.4415281171592675
498,-0.8707960061372745,-0.8703532536223448,-0.8696928789313709,-0.8705130943858458,-2.5384872854000653,-3.4947661064365647
499,-0.18000000000000002,-0.18000000000000002,-0.2952,7.550070631648472,-1.0,-1.0
